shipment-date	sku	fnsku	asin	fulfillment-center-id	quantity	amazon-order-id	currency	item-price-per-unit	shipping-price	gift-wrap-price	ship-city	ship-state	ship-postal-code
2026-09-16T10:43:13+00:00	hp_notebook_single	X00158AITP	B01HU696MY	[REDACTED]	1	sample-f453431bd3cc2e6d61aa	USD	[REDACTED]	[REDACTED]	[REDACTED]	[REDACTED]	[REDACTED]	[REDACTED]
2026-09-16T10:10:24+00:00	obgyn_notebook_	X0021071X7	B07MB72ZCC	[REDACTED]	1	sample-39cddcc03f8b02ec48e9	USD	[REDACTED]	[REDACTED]	[REDACTED]	[REDACTED]	[REDACTED]	[REDACTED]
2026-09-13T15:08:51+00:00	emtnotepad-3pack	X004IZ9O0V	B0DSGR68YB	[REDACTED]	1	sample-9d3296ca4a1a10023686	USD	[REDACTED]	[REDACTED]	[REDACTED]	[REDACTED]	[REDACTED]	[REDACTED]
2026-09-13T10:01:40+00:00	pediatrics_notebook_single	X001FTRKEP	B071FXQN1R	[REDACTED]	1	sample-fac87b3e148833f278b0	USD	[REDACTED]	[REDACTED]	[REDACTED]	[REDACTED]	[REDACTED]	[REDACTED]
2026-09-13T10:01:40+00:00	obgyn_notebook_	X0021071X7	B07MB72ZCC	[REDACTED]	1	sample-fac87b3e148833f278b0	USD	[REDACTED]	[REDACTED]	[REDACTED]	[REDACTED]	[REDACTED]	[REDACTED]
2026-09-08T15:24:18+00:00	hp_notebook_single	X00158AITP	B01HU696MY	[REDACTED]	1	sample-7aa69d43198a9cf0b7ae	USD	[REDACTED]	[REDACTED]	[REDACTED]	[REDACTED]	[REDACTED]	[REDACTED]
2026-09-08T15:24:18+00:00	internresident_notebook_single	X0032LUVJP	B09LD1DP6Y	[REDACTED]	1	sample-7aa69d43198a9cf0b7ae	USD	[REDACTED]	[REDACTED]	[REDACTED]	[REDACTED]	[REDACTED]	[REDACTED]
2026-09-06T03:56:24+00:00	progress_notebook_singlev3	X001J03Q8T	B074JLG9XG	[REDACTED]	1	sample-7aa69d43198a9cf0b7ae	USD	[REDACTED]	[REDACTED]	[REDACTED]	[REDACTED]	[REDACTED]	[REDACTED]
2026-09-01T21:24:40+00:00	hp_notebook_single	X00158AITP	B01HU696MY	[REDACTED]	1	sample-38470759308962e8d10d	USD	[REDACTED]	[REDACTED]	[REDACTED]	[REDACTED]	[REDACTED]	[REDACTED]
